[
    {
        "name": "theme_info",
        "theme_name": "ks-bootshop",
        "theme_version": "2.0.0",
        "theme_author": "KondaSoft",
        "theme_documentation_url": "https://docs.kondasoft.com",
        "theme_support_url": "https://github.com/kondasoft/ks-bootshop/issues"
    },
    {
        "name": "Colors",
        "settings": [
            {
                "type": "header",
                "content": "Base"
            },
            {
                "type": "color",
                "id": "color_primary",
                "label": "Primary",
                "default": "#0d6efd"
            },
            {
                "type": "color",
                "id": "color_secondary",
                "label": "Secondary",
                "default": "#6c757d"
            },
            {
                "type": "color",
                "id": "color_dark",
                "label": "Dark",
                "default": "#212529"
            },
            {
                "type": "color",
                "id": "color_light",
                "label": "Light",
                "default": "#f8f9fa"
            },
            {
                "type": "header",
                "content": "Body"
            },
            {
                "type": "color",
                "id": "color_body_bg",
                "label": "Background",
                "default": "#ffffff"
            },
            {
                "type": "color",
                "id": "color_body_text",
                "label": "Text",
                "default": "#212529"
            },
            {
                "type": "header",
                "content": "Utilities"
            },
            {
                "type": "color",
                "id": "color_price",
                "label": "Price",
                "default": "#28a745"
            },
            {
                "type": "color",
                "id": "color_badge_sold_out",
                "label": "Badge - Sold out",
                "default": "#6c757d"
            },
            {
                "type": "color",
                "id": "color_badge_sale",
                "label": "Badge - Sale",
                "default": "#0dcaf0"
            }
        ]
    },
    {
        "name": "Typography",
        "settings": [
            {
                "type": "font_picker",
                "id": "font_headings",
                "default": "sans-serif",
                "label": "Headings font family"
            }
        ]
    },
    {
        "name": "Favicon",
        "settings": [
            {
                "type": "image_picker",
                "id": "favicon",
                "label": "Favicon image",
                "info": "Will be scaled down to 32x32"
            }
        ]
    },
    {
        "name": "Minicart",
        "settings": [
            {
                "type": "header",
                "content": "General settings"
            },
            {
                "type": "text",
                "id": "minicart_min_width",
                "label": "Min width (px)",
                "info": "Will not shrink below this value (in pixels)",
                "default": "260"
            },
            {
                "type": "checkbox",
                "id": "minicart_show_view_cart_btn",
                "label": "Show \"View cart\" button",
                "default": true
            },
            {
                "type": "checkbox",
                "id": "minicart_show_checkout_btn",
                "label": "Show \"Checkout\" button",
                "default": true
            },
            {
                "type": "header",
                "content": "Product settings"
            },
            {
                "type": "text",
                "id": "minicart_img_width",
                "label": "Image width (px)",
                "default": "75"
            },
            {
                "type": "text",
                "id": "minicart_img_height",
                "label": "Image height (px)",
                "default": "75"
            },
            {
                "type": "checkbox",
                "id": "minicart_img_thumbnail",
                "label": "Image border",
                "default": true
            }
        ]
    },
    {
        "name": "Social sharing",
        "settings": [
            {
                "type": "checkbox",
                "id": "share_facebook",
                "label": "Share on Facebook",
                "default": true
            },
            {
                "type": "checkbox",
                "id": "share_twitter",
                "label": "Tweet on Twitter",
                "default": true
            },
            {
                "type": "checkbox",
                "id": "share_pinterest",
                "label": "Pin on Pinterest",
                "default": true
            },
            {
                "type": "checkbox",
                "id": "share_whatsapp",
                "label": "Share on Whatsapp",
                "default": true
            },
            {
                "type": "checkbox",
                "id": "share_email",
                "label": "Send via Email",
                "default": true
            }
        ]
    },
    {
        "name": "Toast",
        "settings": [
            {
                "type": "paragraph",
                "content": "Toast is used to display various important global messages usually via ajax. (E.g: When adding products to cart) [Learn more](https://getbootstrap.com/docs/4.5/components/toasts/)"
            },
            {
                "type": "header",
                "content": "General settings"
            },
            {
                "type": "select",
                "id": "toast_position",
                "label": "Position",
                "default": "bottom-right",
                "options": [
                    {
                        "value": "bottom-left",
                        "label": "Bottom left"
                    },
                    {
                        "value": "bottom-center",
                        "label": "Bottom center"
                    },
                    {
                        "value": "bottom-right",
                        "label": "Bottom right"
                    }
                ]
            },
            {
                "type": "range",
                "id": "toast_delay",
                "min": 10,
                "max": 60,
                "step": 1,
                "unit": "sec",
                "label": "Autohide",
                "default": 10
            },
            {
                "type": "text",
                "id": "toast_img_width",
                "label": "Image width (px)",
                "default": "60"
            },
            {
                "type": "text",
                "id": "toast_img_height",
                "label": "Image height (px)",
                "default": "60"
            },
            {
                "type": "checkbox",
                "id": "toast_img_thumbnail",
                "label": "Image border",
                "default": true
            },
            {
                "type": "select",
                "id": "toast_btn_color",
                "label": "Button color",
                "default": "btn-primary",
                "options": [
                    { "group": "Normal", "value": "btn-link", "label": "Link" },
                    { "group": "Normal", "value": "btn-light", "label": "Light" },
                    { "group": "Normal", "value": "btn-dark", "label": "Dark" },
                    { "group": "Normal", "value": "btn-primary", "label": "Primary" },
                    { "group": "Normal", "value": "btn-secondary", "label": "Secondary" },
                    { "group": "Normal", "value": "btn-success", "label": "Success" },
                    { "group": "Normal", "value": "btn-danger", "label": "Danger" },
                    { "group": "Normal", "value": "btn-warning", "label": "Warning" },
                    { "group": "Normal", "value": "btn-info", "label": "Info" },
                    { "group": "Outline", "value": "btn-outline-dark", "label": "Dark Outline" },
                    { "group": "Outline", "value": "btn-outline-primary", "label": "Primary Outline" },
                    { "group": "Outline", "value": "btn-outline-secondary", "label": "Secondary Outline" },
                    { "group": "Outline", "value": "btn-outline-success", "label": "Success Outline" },
                    { "group": "Outline", "value": "btn-outline-danger", "label": "Danger Outline" },
                    { "group": "Outline", "value": "btn-outline-warning", "label": "Warning Outline" },
                    { "group": "Outline", "value": "btn-outline-info", "label": "Info Outline" }
                ]
            },
            {
                "type": "select",
                "id": "toast_btn_size",
                "label": "Button size",
                "default": "btn-sm",
                "options": [
                    { "value": "btn-sm", "label": "Small" },
                    { "value": "", "label": "Normal" },
                    { "value": "btn-lg", "label": "Large" }
                ]
            }
        ]
    }
]
